MAE Train,R2-Score
99.79887947467913,0.9585185327046001
214.08411102602045,0.8025557071099967
